Time,I6
0.0,7.502179857025822e-10
3.99800099950025e-05,4.023278860973071e-09
7.9960019990005e-05,7.296524506268929e-09
0.0001199400299850075,1.056981602380568e-08
0.00015992003998001,1.3843014094608814e-08
0.0001999000499750125,1.7115978812776154e-08
0.000239880059970015,2.0388569892414223e-08
0.0002798600699650175,2.3660646119456976e-08
0.00031984007996002,2.6932064145308383e-08
0.0003598200899550225,3.0202677770086286e-08
0.000399800099950025,3.3472338381302316e-08
0.0004397801099450275,3.6740896094661164e-08
0.00047976011994003,4.000820074991062e-08
0.0005197401299350324,4.3274102415249565e-08
0.000559720139930035,4.6538451620209115e-08
0.0005997001499250375,4.98010993443933e-08
0.00063968015992004,5.3061896750959415e-08
0.0006796601699150424,5.6320694936922314e-08
0.000719640179910045,5.9577344396021726e-08
0.0007596201899050475,6.283169433084542e-08
0.00079960019990005,6.608359293714641e-08
0.0008395802098950524,6.933288850266464e-08
0.000879560219890055,7.25794302361402e-08
0.0009195402298850575,7.582306827134968e-08
0.00095952023988006,7.906365273195021e-08
0.0009995002498750624,8.230103289933178e-08
0.0010394802598700649,8.553505759026846e-08
0.0010794602698650675,8.876557583767926e-08
0.00111944027986007,9.199243652933968e-08
0.0011594202898550724,9.521548773248796e-08
0.001199400299850075,9.843457702227819e-08
0.0012393803098450775,1.0164955221667958e-07
0.00127936031984008,1.0486026155399533e-07
0.0013193403298350824,1.0806655355154908e-07
0.0013593203398300849,1.1126827665863254e-07
0.0013993003498250875,1.144652789087246e-07
0.00143928035982009,1.1765740820452483e-07
0.0014792603698150924,1.2084451264833765e-07
0.001519240379810095,1.2402643997385464e-07
0.0015592203898050975,1.272030369215545e-07
0.0015992003998001,1.3037414975394512e-07
0.0016391804097951024,1.335396251530137e-07
0.0016791604197901049,1.3669931017832824e-07
0.0017191404297851075,1.3985305191933306e-07
0.00175912043978011,1.430006980579373e-07
0.0017991004497751124,1.4614209780734468e-07
0.001839080459770115,1.4927710225708699e-07
0.0018790604697651175,1.5240556390694986e-07
0.00191904047976012,1.5552733547928278e-07
0.0019590204897551224,1.5864226888296453e-07
0.001999000499750125,1.617502151960839e-07
0.0020389805097451273,1.6485102500907012e-07
0.0020789605197401298,1.6794454830604654e-07
0.0021189405297351326,1.7103063443348562e-07
0.002158920539730135,1.7410913250277646e-07
0.0021989005497251375,1.7717989142808066e-07
0.00223888055972014,1.8024275944923894e-07
0.0022788605697151424,1.83297583980706e-07
0.002318840579710145,1.8634421198034488e-07
0.0023588205897051473,1.8938249036613502e-07
0.00239880059970015,1.9241226652805532e-07
0.0024387806096951526,1.9543338935628242e-07
0.002478760619690155,1.9844571043921256e-07
0.0025187406296851575,2.0144908424886628e-07
0.00255872063968016,2.044433670243205e-07
0.0025987006496751624,2.0742841566366484e-07
0.002638680659670165,2.1040408754992125e-07
0.0026786606696651673,2.133702410141162e-07
0.0027186406796601698,2.163267359362291e-07
0.0027586206896551726,2.1927343393257053e-07
0.002798600699650175,2.2221019786383192e-07
0.0028385807096451775,2.2513689111475212e-07
0.00287856071964018,2.280533771000725e-07
0.0029185407296351824,2.3095951912477327e-07
0.002958520739630185,2.3385518063094083e-07
0.0029985007496251873,2.3674022552327383e-07
0.00303848075962019,2.396145181248762e-07
0.0030784607696151926,2.424779228664873e-07
0.003118440779610195,2.453303039812277e-07
0.0031584207896051975,2.481715253514858e-07
0.0031984007996002,2.5100145083343423e-07
0.0032383808095952024,2.5381994488906043e-07
0.003278360819590205,2.5662687316306467e-07
0.0033183408295852073,2.594221030990813e-07
0.0033583208395802098,2.6220550422512353e-07
0.0033983008495752126,2.649769478188905e-07
0.003438280859570215,2.677363064212676e-07
0.0034782608695652175,2.7048345352102426e-07
0.00351824087956022,2.732182634070332e-07
0.0035582208895552224,2.759406108141822e-07
0.003598200899550225,2.786503704512197e-07
0.0036381809095452273,2.8134741737447074e-07
0.00367816091954023,2.8403162784974203e-07
0.0037181409295352326,2.867028793410989e-07
0.003758120939530235,2.8936104994827365e-07
0.0037981009495252375,2.920060185758663e-07
0.00383808095952024,2.9463766568657356e-07
0.0038780609695152424,2.972558736311327e-07
0.003918040979510245,2.998605267674308e-07
0.003958020989505247,3.024515117886637e-07
0.00399800099950025,3.0502871737619886e-07
0.004037981009495252,3.0759203298962716e-07
0.004077961019490255,3.1014134819267767e-07
0.004117941029485257,3.1267655305287916e-07
0.0041579210394802595,3.151975385045536e-07
0.004197901049475263,3.177041960951151e-07
0.004237881059470265,3.201964179767502e-07
0.004277861069465268,3.2267409738822093e-07
0.00431784107946027,3.251371285859343e-07
0.004357821089455273,3.27585406372134e-07
0.004397801099450275,3.300188264226307e-07
0.0044377811094452775,3.3243728599179043e-07
0.00447776111944028,3.3484068404584184e-07
0.004517741129435282,3.372289209177016e-07
0.004557721139430285,3.3960189757775995e-07
0.004597701149425287,3.4195951516408507e-07
0.00463768115942029,3.4430167551114904e-07
0.004677661169415292,3.466282817417962e-07
0.004717641179410295,3.4893923784929896e-07
0.004757621189405297,3.51234447727883e-07
0.0047976011994003,3.535138146268261e-07
0.004837581209395303,3.5577724118095024e-07
0.004877561219390305,3.5802462961385535e-07
0.004917541229385308,3.6025588207418554e-07
0.00495752123938031,3.624709012030945e-07
0.004997501249375313,3.646695905888807e-07
0.005037481259370315,3.6685185440703187e-07
0.0050774612693653175,3.690175963599923e-07
0.00511744127936032,3.7116671964448404e-07
0.005157421289355322,3.732991286420081e-07
0.005197401299350325,3.754147302184721e-07
0.005237381309345327,3.775134333436587e-07
0.00527736131934033,3.795951483310739e-07
0.005317341329335332,3.8165978643851696e-07
0.005357321339330335,3.8370725915990346e-07
0.005397301349325337,3.857374772965676e-07
0.0054372813593203395,3.8775035083034583e-07
0.005477261369315343,3.897457896754891e-07
0.005517241379310345,3.917237042225817e-07
0.005557221389305348,3.9368400494537716e-07
0.00559720139930035,3.9562660168419505e-07
0.005637181409295353,3.9755140405671364e-07
0.005677161419290355,3.994583229775618e-07
0.0057171414292853575,4.0134727138754106e-07
0.00575712143928036,4.0321816333420663e-07
0.005797101449275362,4.050709128459458e-07
0.005837081459270365,4.069054340652928e-07
0.005877061469265367,4.087216421459074e-07
0.00591704147926037,4.1051945373199325e-07
0.005957021489255372,4.122987868289016e-07
0.005997001499250375,4.140595606027938e-07
0.006036981509245377,4.158016954919681e-07
0.00607696151924038,4.1752511345971264e-07
0.006116941529235383,4.1922973830300913e-07
0.006156921539230385,4.209154961674154e-07
0.006196901549225388,4.2258231607314394e-07
0.00623688155922039,4.242301300201069e-07
0.006276861569215393,4.258588723502456e-07
0.006316841579210395,4.2746847876837804e-07
0.0063568215892053975,4.290588861606165e-07
0.0063968015992004,4.306300335805331e-07
0.006436781609195402,4.3218186302310074e-07
0.006476761619190405,4.3371431848222314e-07
0.006516741629185407,4.35227344413513e-07
0.00655672163918041,4.3672088570277094e-07
0.006596701649175412,4.3819488851539946e-07
0.006636681659170415,4.39649300527531e-07
0.006676661669165417,4.4108407081091744e-07
0.0067166416791604195,4.424991498398814e-07
0.006756621689155423,4.43894489299882e-07
0.006796601699150425,4.452700419970668e-07
0.006836581709145428,4.4662576249113157e-07
0.00687656171914043,4.4796160744663047e-07
0.006916541729135433,4.4927753477488836e-07
0.006956521739130435,4.505735030409327e-07
0.0069965017491254375,4.5184947217511766e-07
0.00703648175912044,4.5310540427466135e-07
0.007076461769115442,4.543412639895683e-07
0.007116441779110445,4.555570191761195e-07
0.007156421789105447,4.567526411273229e-07
0.00719640179910045,4.579281032301333e-07
0.007236381809095452,4.590833790580558e-07
0.007276361819090455,4.6021844207658405e-07
0.007316341829085457,4.6133326684969396e-07
0.00735632183908046,4.624278295687191e-07
0.007396301849075463,4.6350210738565395e-07
0.007436281859070465,4.6455607763650887e-07
0.007476261869065468,4.655897177111788e-07
0.00751624187906047,4.666030055089707e-07
0.007556221889055473,4.675959196041023e-07
0.007596201899050475,4.6856843922179295e-07
0.0076361819090454775,4.695205446534689e-07
0.00767616191904048,4.7045221753474654e-07
0.007716141929035482,4.7136344077628197e-07
0.007756121939030485,4.7225419865800827e-07
0.007796101949025487,4.731244769550999e-07
0.00783608195902049,4.739742627627839e-07
0.007876061969015493,4.748035444286601e-07
0.007916041979010495,4.7561231208441713e-07
0.007956021989005498,4.7640055825898293e-07
0.0079960019990005,4.771682776539436e-07
0.008035982008995503,4.779154661259497e-07
0.008075962018990504,4.786421199952642e-07
0.008115942028985508,4.793482363512011e-07
0.00815592203898051,4.800338136091814e-07
0.008195902048975513,4.806988514275643e-07
0.008235882058970514,4.813433501109507e-07
0.008275862068965517,4.819673100725777e-07
0.008315842078960519,4.825707317855778e-07
0.008355822088955522,4.831536163808535e-07
0.008395802098950526,4.837159665102337e-07
0.008435782108945527,4.842577867134922e-07
0.00847576211894053,4.847790829873896e-07
0.008515742128935532,4.852798623181591e-07
0.008555722138930535,4.857601328096735e-07
0.008595702148925537,4.862199037576616e-07
0.00863568215892054,4.866591851681521e-07
0.008675662168915542,4.870779871412212e-07
0.008715642178910545,4.874763195460889e-07
0.008755622188905547,4.87854192406154e-07
0.00879560219890055,4.882116170299866e-07
0.008835582208895552,4.885486071516947e-07
0.008875562218890555,4.888651795005881e-07
0.008915542228885557,4.89161353749209e-07
0.00895552223888056,4.894371519366069e-07
0.008995502248875563,4.896925975121781e-07
0.009035482258870565,4.899277143490992e-07
0.009075462268865568,4.901425262515186e-07
0.00911544227886057,4.90337057206408e-07
0.009155422288855573,4.905113318422247e-07
0.009195402298850575,4.90665375464617e-07
0.009235382308845578,4.907992140107499e-07
0.00927536231884058,4.909128740688078e-07
0.009315342328835583,4.910063823267004e-07
0.009355322338830584,4.910797648176281e-07
0.009395302348825588,4.911330469164466e-07
0.00943528235882059,4.911662536570458e-07
0.009475262368815593,4.911794094366575e-07
0.009515242378810594,4.911725374586015e-07
0.009555222388805597,4.911456601108682e-07
0.0095952023988006,4.910988005699414e-07
0.009635182408795602,4.910319842958125e-07
0.009675162418790606,4.909452391064975e-07
0.009715142428785607,4.908385942133751e-07
0.00975512243878061,4.907120791899197e-07
0.009795102448775612,4.905657232849589e-07
0.009835082458770615,4.903995556356726e-07
0.009875062468765617,4.902136063716274e-07
0.00991504247876062,4.900079072708277e-07
0.009955022488755622,4.897824913218653e-07
0.009995002498750625,4.895373919399147e-07
0.010034982508745627,4.892726425110333e-07
0.01007496251874063,4.88988276377785e-07
0.010114942528735632,4.886843268736652e-07
0.010154922538730635,4.883608271988787e-07
0.010194902548725637,4.880178108852145e-07
0.01023488255872064,4.876553130214172e-07
0.010274862568715643,4.872733708975507e-07
0.010314842578710645,4.868720236783109e-07
0.010354822588705648,4.864513120853104e-07
0.01039480259870065,4.860112782684247e-07
0.010434782608695653,4.85551965617761e-07
0.010474762618690655,4.850734185000849e-07
0.010514742628685658,4.845756820997948e-07
0.01055472263868066,4.840588029283512e-07
0.010594702648675663,4.835228296506207e-07
0.010634682658670664,4.829678130841237e-07
0.010674662668665668,4.823938053314149e-07
0.01071464267866067,4.818008589734459e-07
0.010754622688655673,4.811890269548851e-07
0.010794602698650674,4.805583629166762e-07
0.010834582708645677,4.799089211994885e-07
0.010874562718640679,4.792407563975515e-07
0.010914542728635682,4.785539231745879e-07
0.010954522738630686,4.77848476477215e-07
0.010994502748625687,4.771244716414913e-07
0.01103448275862069,4.763819645478518e-07
0.011074462768615692,4.756210120802866e-07
0.011114442778610695,4.74841672448787e-07
0.011154422788605697,4.7404400521604597e-07
0.0111944027986007,4.7322807114638985e-07
0.011234382808595702,4.723939317415275e-07
0.011274362818590705,4.7154164880840236e-07
0.011314342828585707,4.7067128442554926e-07
0.01135432283858071,4.6978290089057796e-07
0.011394302848575712,4.688765607294976e-07
0.011434282858570715,4.6795232726718974e-07
0.011474262868565717,4.670102649739833e-07
0.01151424287856072,4.6605043895234087e-07
0.011554222888555723,4.6507291444305234e-07
0.011594202898550725,4.640777568030429e-07
0.011634182908545728,4.630650316616288e-07
0.01167416291854073,4.6203480513470897e-07
0.011714142928535733,4.609871438447151e-07
0.011754122938530735,4.5992211473263135e-07
0.011794102948525738,4.588397849638921e-07
0.01183408295852074,4.5774022212687164e-07
0.011874062968515743,4.5662349489286647e-07
0.011914042978510744,4.5548967354256806e-07
0.011954022988505748,4.5433882929946725e-07
0.01199400299850075,4.5317103311979287e-07
0.012033983008495753,4.5198635557358924e-07
0.012073963018490754,4.5078486766536613e-07
0.012113943028485757,4.4956664129503223e-07
0.01215392303848076,4.4833174893055186e-07
0.012193903048475762,4.470802630599467e-07
0.012233883058470766,4.458122560374636e-07
0.012273863068465767,4.445278003114594e-07
0.01231384307846077,4.432269687843066e-07
0.012353823088455772,4.419098348223479e-07
0.012393803098450775,4.4057647173824734e-07
0.012433783108445777,4.392269527717012e-07
0.01247376311844078,4.3786135185168454e-07
0.012513743128435782,4.3647974392665e-07
0.012553723138430785,4.3508220464030916e-07
0.012593703148425787,4.3366881031188596e-07
0.01263368315842079,4.3223963820590605e-07
0.012673663168415792,4.30794766228217e-07
0.012713643178410795,4.293342723189913e-07
0.012753623188405797,4.2785823469537034e-07
0.0127936031984008,4.2636673271889516e-07
0.012833583208395803,4.2485984683255517e-07
0.012873563218390805,4.2333765719354364e-07
0.012913543228385808,4.218002425468897e-07
0.01295352323838081,4.2024768072117425e-07
0.012993503248375813,4.186800500382899e-07
0.013033483258370815,4.170974300858017e-07
0.013073463268365818,4.15499901737602e-07
0.01311344327836082,4.138875471370499e-07
0.013153423288355823,4.1226044978664686e-07
0.013193403298350824,4.1061869426848523e-07
0.013233383308345828,4.089623652861461e-07
0.01327336331834083,4.0729154683912064e-07
0.013313343328335833,4.0560632259421954e-07
0.013353323338330834,4.0390677704031e-07
0.013393303348325837,4.0219299611590867e-07
0.013433283358320839,4.0046506696925385e-07
0.013473263368315842,3.987230775625607e-07
0.013513243378310846,3.969671166334199e-07
0.013553223388305847,3.951972739810104e-07
0.01359320339830085,3.934136406336536e-07
0.013633183408295852,3.916163083349903e-07
0.013673163418290855,3.8980536858599195e-07
0.013713143428285857,3.879809118601021e-07
0.01375312343828086,3.861430271616456e-07
0.013793103448275862,3.8429180231252454e-07
0.013833083458270865,3.824273250416955e-07
0.013873063468265867,3.8054968399548444e-07
0.01391304347826087,3.786589690998125e-07
0.013953023488255872,3.7675527133640384e-07
0.013993003498250875,3.7483868215031073e-07
0.014032983508245877,3.7290929279925123e-07
0.01407296351824088,3.709671938794831e-07
0.014112943528235883,3.690124752058029e-07
0.014152923538230885,3.670452260630223e-07
0.014192903548225888,3.6506553584751933e-07
0.01423288355822089,3.630734950975854e-07
0.014272863568215893,3.6106919620328143e-07
0.014312843578210895,3.5905273308154623e-07
0.014352823588205898,3.5702420045869756e-07
0.0143928035982009,3.549836937601976e-07
0.014432783608195903,3.529313092710299e-07
0.014472763618190904,3.508671437543015e-07
0.014512743628185908,3.4879129373422464e-07
0.01455272363818091,3.4670385510052276e-07
0.014592703648175913,3.4460492317458166e-07
0.014632683658170914,3.424945932050131e-07
0.014672663668165917,3.4037296134972997e-07
0.01471264367816092,3.382401256277727e-07
0.014752623688155922,3.360961857651701e-07
0.014792603698150926,3.339412417286028e-07
0.014832583708145927,3.3177539229205e-07
0.01487256371814093,3.2959873461392906e-07
0.014912543728135932,3.274113641775432e-07
0.014952523738130935,3.2521337485258593e-07
0.014992503748125937,3.230048595956275e-07
0.01503248375812094,3.2078591111631705e-07
0.015072463768115942,3.185566218807491e-07
0.015112443778110945,3.163170840655652e-07
0.015152423788105947,3.1406738949380815e-07
0.01519240379810095,3.118076294705115e-07
0.015232383808095952,3.09537895239661e-07
0.015272363818090955,3.072582785718533e-07
0.015312343828085957,3.049688713932746e-07
0.01535232383808096,3.026697649615057e-07
0.015392303848075963,3.003610495495209e-07
0.015432283858070965,2.9804281475087695e-07
0.015472263868065968,2.9571515016384247e-07
0.01551224387806097,2.933781462308501e-07
0.015552223888055973,2.9103189480842997e-07
0.015592203898050975,2.886764890626557e-07
0.015632183908045976,2.8631202279688987e-07
0.01567216391804098,2.8393858954716476e-07
0.015712143928035983,2.815562817345755e-07
0.015752123938030986,2.7916519034168737e-07
0.015792103948025986,2.767654052855748e-07
0.01583208395802099,2.743570158477632e-07
0.015872063968015993,2.719401107126316e-07
0.015912043978010996,2.695147779284974e-07
0.015952023988005996,2.670811049938143e-07
0.015992003998001,2.646391790473319e-07
0.016031984007996002,2.621890872019303e-07
0.016071964017991006,2.597309166854794e-07
0.01611194402798601,2.5726475455765457e-07
0.01615192403798101,2.54790687472195e-07
0.016191904047976012,2.52308801566551e-07
0.016231884057971015,2.4981918211867053e-07
0.01627186406796602,2.4732191328142053e-07
0.01631184407796102,2.4481707855666156e-07
0.016351824087956022,2.4230476205241547e-07
0.016391804097951025,2.39785049556722e-07
0.01643178410794603,2.3725802845308453e-07
0.01647176411794103,2.3472378682899143e-07
0.01651174412793603,2.3218241286557764e-07
0.016551724137931035,2.2963399496549266e-07
0.016591704147926038,2.2707862216556545e-07
0.016631684157921038,2.2451638418832694e-07
0.01667166416791604,2.219473712677464e-07
0.016711644177911045,2.1937167409072959e-07
0.016751624187906048,2.167893833947577e-07
0.01679160419790105,2.1420058911853455e-07
0.01683158420789605,2.116053798223112e-07
0.016871564217891055,2.090038429417759e-07
0.016911544227886058,2.0639606581709403e-07
0.01695152423788106,2.037821367107998e-07
0.01699150424787606,2.0116214532883522e-07
0.017031484257871064,1.9853618289811168e-07
0.017071464267866068,1.9590434170864227e-07
0.01711144427786107,1.9326671444440182e-07
0.01715142428785607,1.9062339374010586e-07
0.017191404297851074,1.8797447197132407e-07
0.017231384307846077,1.853200412865865e-07
0.01727136431784108,1.8266019360321026e-07
0.017311344327836084,1.79995020462472e-07
0.017351324337831084,1.773246134222882e-07
0.017391304347826087,1.746490648706076e-07
0.01743128435782109,1.7196846814529527e-07
0.017471264367816094,1.6928291693066046e-07
0.017511244377811094,1.6659250484106744e-07
0.017551224387806097,1.6389732554435445e-07
0.0175912043978011,1.6119747303251323e-07
0.017631184407796104,1.584930414272252e-07
0.017671164417791103,1.5578412447299817e-07
0.017711144427786107,1.5307081553269854e-07
0.01775112443778111,1.5035320823822286e-07
0.017791104447776113,1.476313972770643e-07
0.017831084457771113,1.449054786278428e-07
0.017871064467766117,1.4217554900378973e-07
0.01791104447776112,1.39441705428288e-07
0.017951024487756123,1.3670404538586682e-07
0.017991004497751126,1.3396266666049527e-07
0.018030984507746126,1.3121766676549222e-07
0.01807096451774113,1.284691427425826e-07
0.018110944527736133,1.2571719132509317e-07
0.018150924537731136,1.2296190887275612e-07
0.018190904547726136,1.2020339104578745e-07
0.01823088455772114,1.1744173283802059e-07
0.018270864567716143,1.1467702917152358e-07
0.018310844577711146,1.119093756440032e-07
0.018350824587706146,1.0913886882156069e-07
0.01839080459770115,1.0636560560848067e-07
0.018430784607696152,1.035896822629071e-07
0.018470764617691156,1.0081119394772759e-07
0.018510744627686156,9.803023469862636e-08
0.01855072463768116,9.524689758817007e-08
0.018590704647676162,9.246127538524084e-08
0.018630684657671166,8.967346151476584e-08
0.01867066466766617,8.688355060597044e-08
0.01871064467766117,8.409163822667001e-08
0.018750624687656172,8.129781985076334e-08
0.018790604697651175,7.850218990601747e-08
0.01883058470764618,7.570484191319379e-08
0.01887056471764118,7.290586936495729e-08
0.018910544727636182,7.010536630239077e-08
0.018950524737631185,6.730342729220954e-08
0.01899050474762619,6.450014736856281e-08
0.01903048475762119,6.169562256292975e-08
0.01907046476761619,5.8889950663098714e-08
0.019110444777611195,5.6083231242273066e-08
0.019150424787606198,5.327556480051496e-08
0.0191904047976012,5.0467051782393154e-08
0.0192303848075962,4.7657792009876075e-08
0.019270364817591205,4.484788425840564e-08
0.019310344827586208,4.203742579103591e-08
0.01935032483758121,3.9226512212055077e-08
0.01939030484757621,3.641523743510191e-08
0.019430284857571214,3.360369349495608e-08
0.019470264867566218,3.0791970983017786e-08
0.01951024487756122,2.7980160253010655e-08
0.01955022488755622,2.5168352394478716e-08
0.019590204897551224,2.235663953308793e-08
0.019630184907546228,1.9545114375716003e-08
0.01967016491754123,1.6733868882292183e-08
0.01971014492753623,1.3922993102764942e-08
0.019750124937531234,1.1112575510716352e-08
0.019790104947526237,8.302704337980524e-09
0.01983008495752124,5.493468379935811e-09
0.019870064967516244,2.6849566901222583e-09
0.019910044977511244,-1.2274203965044402e-10
0.019950024987506247,-2.9295393653884793e-09
0.01999000499750125,-5.735346458115324e-09
0.020029985007496254,-8.540074107398222e-09
0.020069965017491254,-1.1343633547553364e-08
0.020109945027486257,-1.4145937194847237e-08
0.02014992503748126,-1.6946898914397666e-08
0.020189905047476264,-1.9746433975801003e-08
0.020229885057471263,-2.2544458678887845e-08
0.020269865067466267,-2.534088996017166e-08
0.02030984507746127,-2.8135645478114772e-08
0.020349825087456273,-3.092864385926133e-08
0.020389805097451273,-3.371980437490197e-08
0.020429785107446276,-3.6509046525277603e-08
0.02046976511744128,-3.929629056852673e-08
0.020509745127436283,-4.208145833111472e-08
0.020549725137431286,-4.4864473145845004e-08
0.020589705147426286,-4.764525917584459e-08
0.02062968515742129,-5.0423740802753425e-08
0.020669665167416293,-5.3199842430668505e-08
0.020709645177411296,-5.597348856054449e-08
0.020749625187406296,-5.874460384069786e-08
0.0207896051974013,-6.151311336298513e-08
0.020829585207396303,-6.427894316121084e-08
0.020869565217391306,-6.704202025098573e-08
0.020909545227386306,-6.980227224460193e-08
0.02094952523738131,-7.255962684775834e-08
0.020989505247376312,-7.531401115991149e-08
0.021029485257371316,-7.806535136953102e-08
0.021069465267366316,-8.081357272380282e-08
0.02110944527736132,-8.35585987803535e-08
0.021149425287356322,-8.630035128624458e-08
0.021189405297351326,-8.903875193259974e-08
0.02122938530734633,-9.177372398880543e-08
0.02126936531734133,-9.450519248351795e-08
0.021309345327336332,-9.7233083798267e-08
0.021349325337331335,-9.995732503265893e-08
0.02138930534732634,-1.0267784323188395e-07
0.02142928535732134,-1.053945652913888e-07
0.021469265367316342,-1.0810741898466582e-07
0.021509245377311345,-1.1081633396522403e-07
0.02154922538730635,-1.1352124117148594e-07
0.02158920539730135,-1.1622207142835418e-07
0.02162918540729635,-1.1891875515710244e-07
0.021669165417291355,-1.2161122288929785e-07
0.021709145427286358,-1.2429940535756589e-07
0.021749125437281358,-1.2698323344518672e-07
0.02178910544727636,-1.2966263858952744e-07
0.021829085457271365,-1.3233755300709726e-07
0.021869065467266368,-1.3500790905584335e-07
0.02190904547726137,-1.3767363832969106e-07
0.02194902548725637,-1.4033467171133042e-07
0.021989005497251374,-1.4299094058449994e-07
0.022028985507246378,-1.4564237772021636e-07
0.02206896551724138,-1.4828891673645743e-07
0.02210894552723638,-1.5093049105173664e-07
0.022148925537231384,-1.5356703341075929e-07
0.022188905547226388,-1.5619847595237527e-07
0.02222888555722139,-1.5882475094034124e-07
0.02226886556721639,-1.6144579203767498e-07
0.022308845577211394,-1.6406153471730454e-07
0.022348825587206397,-1.6667191511344906e-07
0.0223888055972014,-1.6927686852855365e-07
0.022428785607196404,-1.718763289546856e-07
0.022468765617191404,-1.7447022975722997e-07
0.022508745627186407,-1.7705850434586356e-07
0.02254872563718141,-1.7964108584658784e-07
0.022588705647176414,-1.822179066555124e-07
0.022628685657171414,-1.8478889902958946e-07
0.022668665667166417,-1.8735399613798125e-07
0.02270864567716142,-1.8991313226613224e-07
0.022748625687156424,-1.924662418719788e-07
0.022788605697151423,-1.9501325864577078e-07
0.022828585707146427,-1.9755411567280866e-07
0.02286856571714143,-2.0008874628922294e-07
0.022908545727136433,-2.0261708460607072e-07
0.022948525737131433,-2.0513906540615115e-07
0.022988505747126436,-2.0765462388557207e-07
0.02302848575712144,-2.1016369564502603e-07
0.023068465767116443,-2.1266621672585098e-07
0.023108445777111446,-2.1516212326361142e-07
0.023148425787106446,-2.1765135111074593e-07
0.02318840579710145,-2.2013383609532635e-07
0.023228385807096453,-2.226095144687899e-07
0.023268365817091456,-2.250783228545339e-07
0.023308345827086456,-2.2754019793588616e-07
0.02334832583708146,-2.2999507665483373e-07
0.023388305847076463,-2.3244289701096872e-07
0.023428285857071466,-2.3488359807198258e-07
0.023468265867066466,-2.3731711870385334e-07
0.02350824587706147,-2.397433967038261e-07
0.023548225887056472,-2.421623692404762e-07
0.023588205897051476,-2.4457397376368976e-07
0.023628185907046476,-2.4697814848777293e-07
0.02366816591704148,-2.4937483241666283e-07
0.023708145927036482,-2.5176396563542094e-07
0.023748125937031486,-2.541454898034438e-07
0.02378810594702649,-2.56519347724051e-07
0.02382808595702149,-2.588854820252534e-07
0.023868065967016492,-2.612438341801842e-07
0.023908045977011495,-2.635943443193473e-07
0.0239480259870065,-2.6593695158504075e-07
0.0239880059970015,-2.6827159479818616e-07
0.024027986006996502,-2.7059821323387896e-07
0.024067966016991505,-2.729167469827518e-07
0.02410794602698651,-2.752271359106866e-07
0.024147926036981508,-2.775293177572231e-07
0.02418790604697651,-2.7982322769794094e-07
0.024227886056971515,-2.8210879977577266e-07
0.024267866066966518,-2.843859683219411e-07
0.02430784607696152,-2.866546683765764e-07
0.02434782608695652,-2.88914835377336e-07
0.024387806096951525,-2.9116640461414607e-07
0.024427786106946528,-2.9340931092954747e-07
0.02446776611694153,-2.956434888100025e-07
0.02450774612693653,-2.978688726023723e-07
0.024547726136931534,-3.000853963115425e-07
0.024587706146926538,-3.022929929904014e-07
0.02462768615692154,-3.044915944376606e-07
0.02466766616691654,-3.0668113138365136e-07
0.024707646176911544,-3.088615339504798e-07
0.024747626186906548,-3.110327320921844e-07
0.02478760619690155,-3.131946554795697e-07
0.02482758620689655,-3.1534723286079585e-07
0.024867566216891554,-3.174903913026854e-07
0.024907546226886557,-3.196240557512441e-07
0.02494752623688156,-3.21748149681541e-07
0.024987506246876564,-3.2386259675375523e-07
0.025027486256871564,-3.2596732184823925e-07
0.025067466266866567,-3.2806225030582315e-07
0.02510744627686157,-3.3014730652483723e-07
0.025147426286856574,-3.3222241372341316e-07
0.025187406296851574,-3.342874946124591e-07
0.025227386306846577,-3.3634247164902504e-07
0.02526736631684158,-3.3838726699181823e-07
0.025307346326836583,-3.404218029762155e-07
0.025347326336831583,-3.4244600269766054e-07
0.025387306346826587,-3.444597898874032e-07
0.02542728635682159,-3.4646308810917934e-07
0.025467266366816593,-3.4845582005567306e-07
0.025507246376811593,-3.5043790772981326e-07
0.025547226386806596,-3.524092731209083e-07
0.0255872063968016,-3.5436983838940477e-07
0.025627186406796603,-3.5631952552055334e-07
0.025667166416791606,-3.5825825605813717e-07
0.025707146426786606,-3.60185951108338e-07
0.02574712643678161,-3.621025312249875e-07
0.025787106446776613,-3.640079159973693e-07
0.025827086456771616,-3.6590202387968463e-07
0.025867066466766616,-3.6778477260752345e-07
0.02590704647676162,-3.6965607951199553e-07
0.025947026486756623,-3.7151586116141965e-07
0.025987006496751626,-3.7336403291067595e-07
0.026026986506746626,-3.7520050901160977e-07
0.02606696651674163,-3.7702520297399095e-07
0.026106946526736632,-3.7883802755848526e-07
0.026146926536731636,-3.8063889468114987e-07
0.026186906546726636,-3.8242771590892876e-07
0.02622688655672164,-3.8420440317106185e-07
0.026266866566716642,-3.859688687846618e-07
0.026306846576711646,-3.877210249447907e-07
0.02634682658670665,-3.894607837622019e-07
0.02638680659670165,-3.9118805802392153e-07
0.026426786606696652,-3.9290276147557204e-07
0.026466766616691655,-3.946048081422864e-07
0.02650674662668666,-3.9629411145836367e-07
0.02654672663668166,-3.9797058391619415e-07
0.026586706646676662,-3.996341374630393e-07
0.026626686656671665,-4.0128468405320833e-07
0.02666666666666667,-4.029221358054065e-07
0.026706646676661668,-4.045464050062616e-07
0.02674662668665667,-4.0615740394640064e-07
0.026786606696651675,-4.077550445468787e-07
0.026826586706646678,-4.0933923814614815e-07
0.026866566716641678,-4.109098955954153e-07
0.02690654672663668,-4.124669273133836e-07
0.026946526736631685,-4.140102431588169e-07
0.026986506746626688,-4.155397525507322e-07
0.02702648675662169,-4.17055364723226e-07
0.02706646676661669,-4.1855698888269075e-07
0.027106446776611694,-4.200445345332748e-07
0.027146426786606698,-4.2151791159052964e-07
0.0271864067966017,-4.2297703008578466e-07
0.0272263868065967,-4.2442179988733255e-07
0.027266366816591704,-4.2585213024220607e-07
0.027306346826586708,-4.272679294366912e-07
0.02734632683658171,-4.286691052376645e-07
0.02738630684657671,-4.300555654291389e-07
0.027426286856571714,-4.314272179695644e-07
0.027466266866566717,-4.327839712034204e-07
0.02750624687656172,-4.3412573395448153e-07
0.027546226886556724,-4.3545241503748155e-07
0.027586206896551724,-4.367639225186166e-07
0.027626186906546727,-4.380601636031041e-07
0.02766616691654173,-4.393410452318145e-07
0.027706146926536734,-4.4060647486035253e-07
0.027746126936531734,-4.4185636121070595e-07
0.027786106946526737,-4.4309061457441935e-07
0.02782608695652174,-4.4430914642511484e-07
0.027866066966516743,-4.4551186875153853e-07
0.027906046976511743,-4.4669869354590995e-07
0.027946026986506747,-4.4786953260411803e-07
0.02798600699650175,-4.4902429750737523e-07
0.028025987006496753,-4.5016289979778606e-07
0.028065967016491753,-4.5128525139258176e-07
0.028105947026486756,-4.523912648097659e-07
0.02814592703648176,-4.534808531480684e-07
0.028185907046476763,-4.545539302025742e-07
0.028225887056471766,-4.5561041031609787e-07
0.028265867066466766,-4.5665020774524025e-07
0.02830584707646177,-4.5767323650753296e-07
0.028345827086456773,-4.5867941114941625e-07
0.028385807096451776,-4.596686476500624e-07
0.028425787106446776,-4.6064086398410393e-07
0.02846576711644178,-4.6159598043397435e-07
0.028505747126436783,-4.625339193699327e-07
0.028545727136431786,-4.634546046468583e-07
0.028585707146426786,-4.643579614525522e-07
0.02862568715642179,-4.652439163069828e-07
0.028665667166416792,-4.6611239660759176e-07
0.028705647176411796,-4.669633304150351e-07
0.028745627186406796,-4.6779664652162163e-07
0.0287856071964018,-4.686122740050341e-07
0.028825587206396802,-4.694101419853078e-07
0.028865567216391805,-4.7019018042601307e-07
0.02890554722638681,-4.709523209561593e-07
0.02894552723638181,-4.7169649686323723e-07
0.028985507246376812,-4.724226426561483e-07
0.029025487256371815,-4.731306936439688e-07
0.02906546726636682,-4.7382058595786535e-07
0.02910544727636182,-4.7449225707208345e-07
0.02914542728635682,-4.7514564606633867e-07
0.029185407296351825,-4.75780693424686e-07
0.02922538730634683,-4.7639734096959437e-07
0.029265367316341828,-4.769955318231852e-07
0.02930534732633683,-4.775752101037592e-07
0.029345327336331835,-4.781363209277688e-07
0.029385307346326838,-4.786788110961055e-07
0.02942528735632184,-4.792026297343554e-07
0.02946526736631684,-4.797077278610518e-07
0.029505247376311845,-4.80194057282665e-07
0.029545227386306848,-4.806615700574735e-07
0.02958520739630185,-4.811102187419788e-07
0.02962518740629685,-4.815399570273731e-07
0.029665167416291854,-4.819507402120921e-07
0.029705147426286858,-4.823425249900222e-07
0.02974512743628186,-4.827152690773123e-07
0.02978510744627686,-4.830689314243243e-07
0.029825087456271864,-4.834034724873205e-07
0.029865067466266867,-4.837188539674124e-07
0.02990504747626187,-4.840150385956151e-07
0.02994502748625687,-4.842919902360474e-07
0.029985007496251874,-4.845496736812634e-07
0.030024987506246877,-4.847880540664441e-07
0.03006496751624188,-4.850070963732276e-07
0.030104947526236884,-4.852067649685388e-07
0.030144927536231884,-4.853870233734455e-07
0.030184907546226887,-4.855478349886969e-07
0.03022488755622189,-4.85689164191919e-07
0.030264867566216894,-4.858109767904255e-07
0.030304847576211894,-4.859132404233923e-07
0.030344827586206897,-4.859959253655421e-07
0.0303848075962019,-4.860590050665732e-07
0.030424787606196903,-4.861024559580662e-07
0.030464767616191903,-4.861262566011617e-07
0.030504747626186907,-4.861303868308617e-07
0.03054472763618191,-4.861148273553043e-07
0.030584707646176913,-4.860795596237028e-07
0.030624687656171913,-4.860245658797356e-07
0.030664667666166916,-4.859498291606611e-07
0.03070464767616192,-4.858553329552394e-07
0.030744627686156923,-4.85741060978806e-07
0.030784607696151926,-4.856069974356593e-07
0.030824587706146926,-4.854531271017485e-07
0.03086456771614193,-4.852794348115566e-07
0.030904547726136933,-4.850859050882465e-07
0.030944527736131936,-4.848725224785175e-07
0.030984507746126936,-4.846392722456257e-07
0.03102448775612194,-4.843861408268382e-07
0.031064467766116943,-4.841131157224397e-07
0.031104447776111946,-4.838201849417518e-07
0.031144427786106946,-4.835073364968055e-07
0.03118440779610195,-4.831745584082296e-07
0.031224387806096952,-4.828218391041118e-07
0.03126436781609195,-4.824491674032195e-07
0.03130434782608696,-4.820565319707912e-07
0.03134432783608196,-4.816439211524103e-07
0.031384307846076966,-4.812113233698018e-07
0.031424287856071965,-4.807587276301491e-07
0.031464267866066965,-4.802861239775222e-07
0.03150424787606197,-4.797935036814717e-07
0.03154422788605697,-4.792808590733602e-07
0.03158420789605197,-4.787481832627108e-07
0.03162418790604698,-4.781954701621085e-07
0.03166416791604198,-4.776227149461111e-07
0.031704147926036985,-4.770299144696822e-07
0.031744127936031985,-4.764170673939953e-07
0.031784107946026985,-4.7578417385937897e-07
0.03182408795602199,-4.7513123465695894e-07
0.03186406796601699,-4.7445825078463153e-07
0.03190404797601199,-4.737652239314173e-07
0.031944027986007,-4.730521571300156e-07
0.031984007996002,-4.7231905477390636e-07
0.032023988005997005,-4.7156592220146346e-07
0.032063968015992005,-4.707927654917398e-07
0.032103948025987004,-4.699995915004906e-07
0.03214392803598201,-4.691864079588092e-07
0.03218390804597701,-4.683532238616809e-07
0.03222388805597202,-4.6750005018123116e-07
0.03226386806596702,-4.666269004438367e-07
0.03230384807596202,-4.657337908630497e-07
0.032343828085957024,-4.6482074002460195e-07
0.032383808095952024,-4.638877679831234e-07
0.032423788105947024,-4.6293489517053187e-07
0.03246376811594203,-4.6196214220418436e-07
0.03250374812593703,-4.609695305674558e-07
0.03254372813593204,-4.5995708286471884e-07
0.03258370814592704,-4.5892482248302933e-07
0.03262368815592204,-4.5787277370886087e-07
0.032663668165917044,-4.568009621843602e-07
0.032703648175912044,-4.5570941478270226e-07
0.03274362818590705,-4.5459815888887065e-07
0.03278360819590205,-4.534672218907485e-07
0.03282358820589705,-4.523166316158457e-07
0.03286356821589206,-4.511464174465951e-07
0.03290354822588706,-4.4995661102983295e-07
0.03294352823588206,-4.4874724610720394e-07
0.03298350824587706,-4.4751835807760193e-07
0.03302348825587206,-4.4626998366799663e-07
0.03306346826586707,-4.4500216066667303e-07
0.03310344827586207,-4.4371492810020133e-07
0.03314342828585707,-4.424083266119082e-07
0.033183408295852077,-4.4108239815868447e-07
0.033223388305847076,-4.39737185124241e-07
0.033263368315842076,-4.3837272982386265e-07
0.03330334832583708,-4.369890751272845e-07
0.03334332833583208,-4.355862655624655e-07
0.03338330834582709,-4.3416434768296103e-07
0.03342328835582209,-4.327233698230909e-07
0.03346326836581709,-4.312633818905116e-07
0.033503248375812096,-4.2978443513903894e-07
0.033543228385807096,-4.2828658177015954e-07
0.0335832083958021,-4.2676987468864945e-07
0.0336231884057971,-4.252343676992076e-07
0.0336631684157921,-4.236801158583959e-07
0.03370314842578711,-4.221071756253751e-07
0.03374312843578211,-4.2051560453938973e-07
0.03378310844577711,-4.189054602935565e-07
0.033823088455772116,-4.1727679991294405e-07
0.033863068465767115,-4.1562967998838615e-07
0.03390304847576212,-4.1396415774366684e-07
0.03394302848575712,-4.122802919113023e-07
0.03398300849575212,-4.1057814301320826e-07
0.03402298850574713,-4.0885777319528317e-07
0.03406296851574213,-4.0711924584940265e-07
0.034102948525737135,-4.0536262571217854e-07
0.034142928535732135,-4.03587979564669e-07
0.034182908545727135,-4.0179537654304343e-07
0.03422288855572214,-3.999848877459171e-07
0.03426286856571714,-3.9815658561778836e-07
0.03430284857571214,-3.9631054320295147e-07
0.03434282858570715,-3.944468334897119e-07
0.03438280859570215,-3.9256552945351505e-07
0.034422788605697155,-3.9066670471822184e-07
0.034462768615692155,-3.8875043420326125e-07
0.034502748625687155,-3.8681679457279664e-07
0.03454272863568216,-3.8486586453159217e-07
0.03458270864567716,-3.828977247414828e-07
0.03462268865567217,-3.809124571807927e-07
0.03466266866566717,-3.789101444000448e-07
0.03470264867566217,-3.7689086912357847e-07
0.034742628685657174,-3.748547139287419e-07
0.034782608695652174,-3.7280176088835405e-07
0.034822588705647174,-3.7073209149438354e-07
0.03486256871564218,-3.6864578679077177e-07
0.03490254872563718,-3.6654292758866913e-07
0.03494252873563219,-3.644235949826669e-07
0.03498250874562719,-3.622878706947434e-07
0.03502248875562219,-3.601358366509155e-07
0.035062468765617194,-3.5796757460042704e-07
0.035102448775612194,-3.5578316636496566e-07
0.035142428785607194,-3.5358269405333973e-07
0.0351824087956022,-3.5136624044901743e-07
0.0352223888055972,-3.491338899344372e-07
0.03526236881559221,-3.468857286105639e-07
0.03530234882558721,-3.446218433098218e-07
0.03534232883558221,-3.423423212475525e-07
0.035382308845577214,-3.400472507852111e-07
0.03542228885557221,-3.377367220705971e-07
0.03546226886556722,-3.354108270073083e-07
0.03550224887556222,-3.330696591446322e-07
0.03554222888555722,-3.307133135263442e-07
0.03558220889555223,-3.283418860089793e-07
0.03562218890554723,-3.259554726706007e-07
0.035662168915542226,-3.2355417016585016e-07
0.03570214892553723,-3.2113807661609824e-07
0.03574212893553223,-3.1870729207573867e-07
0.03578210894552724,-3.1626191803674786e-07
0.03582208895552224,-3.1380205625467386e-07
0.03586206896551724,-3.113278077741957e-07
0.035902048975512246,-3.088392726274611e-07
0.035942028985507246,-3.0633655024987875e-07
0.03598200899550225,-3.038197404717237e-07
0.03602198900549725,-3.0128894432782123e-07
0.03606196901549225,-2.987442640530295e-07
0.03610194902548726,-2.961858027652974e-07
0.03614192903548226,-2.936136647529441e-07
0.03618190904547726,-2.910279564220146e-07
0.036221889055472266,-2.884287872142916e-07
0.036261869065467266,-2.8581626989473394e-07
0.03630184907546227,-2.831905199971375e-07
0.03634182908545727,-2.805516547956415e-07
0.03638180909545227,-2.778997924529076e-07
0.03642178910544728,-2.752350516380651e-07
0.03646176911544228,-2.725575515448175e-07
0.036501749125437286,-2.6986741193329923e-07
0.036541729135432285,-2.671647528602634e-07
0.036581709145427285,-2.644496944291978e-07
0.03662168915542229,-2.617223570360566e-07
0.03666166916541729,-2.589828617876062e-07
0.03670164917541229,-2.5623133061660544e-07
0.0367416291854073,-2.5346788628630117e-07
0.0367816091954023,-2.506926524382127e-07
0.036821589205397305,-2.4790575384960205e-07
0.036861569215392305,-2.4510731699746564e-07
0.036901549225387305,-2.422974703675587e-07
0.03694152923538231,-2.394763443742526e-07
0.03698150924537731,-2.3664407095203798e-07
0.03702148925537231,-2.3380078247952295e-07
0.03706146926536732,-2.3094661062463957e-07
0.03710144927536232,-2.2808168621773783e-07
0.037141429285357325,-2.252061399500485e-07
0.037181409295352325,-2.2232010273980487e-07
0.037221389305347324,-2.194237055908319e-07
0.03726136931534233,-2.1651707955343288e-07
0.03730134932533733,-2.1360035582851183e-07
0.03734132933533234,-2.106736660856802e-07
0.03738130934532734,-2.077371430785179e-07
0.03742128935532234,-2.0479092096444429e-07
0.037461269365317344,-2.0183513515897458e-07
0.037501249375312344,-1.9886992215035726e-07
0.037541229385307344,-1.9589541920125318e-07
0.03758120939530235,-1.9291176393243344e-07
0.03762118940529735,-1.899190943250387e-07
0.03766116941529236,-1.869175490630914e-07
0.03770114942528736,-1.839072677578631e-07
0.03774112943528236,-1.8088839120806442e-07
0.037781109445277364,-1.7786106155544248e-07
0.037821089455272364,-1.7482542186248155e-07
0.03786106946526737,-1.7178161537547983e-07
0.03790104947526237,-1.6872978495488937e-07
0.03794102948525737,-1.6567007291010791e-07
0.03798100949525238,-1.6260262130698247e-07
0.03802098950524738,-1.5952757249209055e-07
0.03806096951524238,-1.5644506947352756e-07
0.03810094952523738,-1.533552560215096e-07
0.03814092953523238,-1.502582767160436e-07
0.03818090954522739,-1.471542768161532e-07
0.03822088955522239,-1.4404340145499588e-07
0.03826086956521739,-1.4092579476448582e-07
0.038300849575212396,-1.3780160002491601e-07
0.038340829585207396,-1.3467096038614865e-07
0.0383808095952024,-1.3153401899893156e-07
0.0384207896051974,-1.283909187065807e-07
0.0384607696151924,-1.252418017503468e-07
0.03850074962518741,-1.220868093890395e-07
0.03854072963518241,-1.1892608196323837e-07
0.03858070964517741,-1.1575975965121787e-07
0.038620689655172416,-1.1258798307561277e-07
0.038660669665167416,-1.0941089360798738e-07
0.03870064967516242,-1.0622863380972172e-07
0.03874062968515742,-1.0304134743654015e-07
0.03878060969515242,-9.984917863274672e-08
0.03882058970514743,-9.665227127651302e-08
0.03886056971514243,-9.345076900282154e-08
0.03890054972513743,-9.024481536368364e-08
0.038940529735132436,-8.703455364984261e-08
0.038980509745127435,-8.382012641986294e-08
0.03902048975512244,-8.060167539611622e-08
0.03906046976511744,-7.737934224308758e-08
0.03910044977511244,-7.41532696180643e-08
0.03914042978510745,-7.092360147809379e-08
0.03918040979510245,-6.769048249658379e-08
0.039220389805097455,-6.445405725402319e-08
0.039260369815092455,-6.12144695480761e-08
0.039300349825087455,-5.797186189876131e-08
0.03934032983508246,-5.472637574550919e-08
0.03938030984507746,-5.147815214972076e-08
0.03942028985507246,-4.8227332179245584e-08
0.03946026986506747,-4.497405685423641e-08
0.03950024987506247,-4.1718466905233176e-08
0.039540229885057475,-3.846070289243854e-08
0.039580209895052475,-3.5200905905984665e-08
0.039620189905047475,-3.1939217954049094e-08
0.03966016991504248,-2.86757815953261e-08
0.03970014992503748,-2.541073949523782e-08
0.03974012993503249,-2.2144234584027667e-08
0.03978010994502749,-1.887641049621156e-08
0.03982008995502249,-1.5607411259126388e-08
0.039860069965017494,-1.2337380290140572e-08
0.039900049975012494,-9.066460051414592e-09
0.039940029985007494,-5.794792639147856e-09
0.0399800099950025,-2.522519938436268e-09
0.0400199900049975,7.502169208881019e-10
0.04005997001499251,4.023277810067227e-09
0.04009995002498751,7.296523469437429e-09
0.04013993003498251,1.0569815001199735e-08
0.040179910044977514,1.384301308636555e-08
0.040219890054972514,1.711597781901902e-08
0.040259870064967514,2.0388568913253384e-08
0.04029985007496252,2.3660645154989717e-08
0.04033983008495752,2.693206319561949e-08
0.04037981009495253,3.020267683524844e-08
0.04041979010494753,3.347233746137646e-08
0.04045977011494253,3.674089518969689e-08
0.040499750124937534,4.000819985994652e-08
0.04053973013493253,4.327410154031358e-08
0.04057971014492754,4.6538450760318916e-08
0.04061969015492254,4.9801098499556615e-08
0.04065967016491754,5.306189592117438e-08
0.04069965017491255,5.6320694122177826e-08
0.040739630184907547,5.957734359629773e-08
0.040779610194902546,6.283169354611327e-08
0.04081959020489755,6.608359216736918e-08
0.04085957021489255,6.933288774779742e-08
0.04089955022488756,7.257942949613037e-08
0.04093953023488256,7.582306754613729e-08
0.04097951024487756,7.906365202146823e-08
0.041019490254872566,8.23010322035064e-08
0.041059470264867566,8.55350569090194e-08
0.04109945027486257,8.876557517091997e-08
0.04113943028485757,9.199243587697764e-08
0.04117941029485257,9.521548709442499e-08
0.04121939030484758,9.843457639841067e-08
0.04125937031484258,1.0164955160689874e-07
0.04129935032483758,1.0486026095818742e-07
0.041339330334832586,1.0806655296959569e-07
0.041379310344827586,1.1126827609041078e-07
0.04141929035482259,1.1446527835410739e-07
0.04145927036481759,1.1765740766338109e-07
0.04149925037481259,1.2084451212053252e-07
0.0415392303848076,1.2402643945924973e-07
0.0415792103948026,1.272030364200081e-07
0.041619190404797606,1.3037414926531225e-07
0.041659170414792605,1.3353962467714657e-07
0.041699150424787605,1.3669930971507629e-07
0.04173913043478261,1.398530514685431e-07
0.04177911044477761,1.430006976194538e-07
0.04181909045477261,1.4614209738100995e-07
0.04185907046476762,1.4927710184274129e-07
0.04189905047476262,1.5240556350443154e-07
0.041939030484757625,1.5552733508842858e-07
0.041979010494752625,1.586422685036096e-07
0.042018990504747625,1.6175021482806204e-07
0.04205897051474263,1.6485102465221392e-07
0.04209895052473763,1.6794454796018756e-07
0.04213893053473263,1.710306340984544e-07
0.04217891054472764,1.7410913217840286e-07
0.04221889055472264,1.7717989111419378e-07
0.042258870564717645,1.8024275914566736e-07
0.042298850574712644,1.8329758368727785e-07
0.042338830584707644,1.86344211696888e-07
0.04237881059470265,1.8938249009247715e-07
0.04241879060469765,1.9241226626402412e-07
0.04245877061469266,1.954333891017056e-07
0.04249875062468766,1.98445710193918e-07
0.04253873063468266,2.0144908401268213e-07
0.042578710644677664,2.044433667970752e-07
0.042618690654672664,2.0742841544518735e-07
0.042658670664667664,2.10404087340041e-07
0.04269865067466267,2.1337024081266327e-07
0.04273863068465767,2.163267357430343e-07
0.04277861069465268,2.192734337474654e-07
0.04281859070464768,2.222101976866489e-07
0.04285857071464268,2.2513689094532462e-07
0.042898550724637684,2.280533769382349e-07
0.042938530734632684,2.3095951897036102e-07
0.04297851074462769,2.3385518048379053e-07
0.04301849075462269,2.367402253832233e-07
0.04305847076461769,2.396145179917645e-07
0.0430984507746127,2.4247792274015477e-07
0.0431384307846077,2.4533030386151613e-07
0.0431784107946027,2.4817152523823834e-07
0.0432183908045977,2.510014507264956e-07
0.0432583708145927,2.538199447882768e-07
0.04329835082458771,2.566268730682838e-07
0.04333833083458271,2.5942210301015257e-07
0.04337831084457771,2.62205504141898e-07
0.043418290854572716,2.6497694774122066e-07
0.043458270864567716,2.677363063490077e-07
0.043498250874562716,2.7048345345403026e-07
0.04353823088455772,2.732182633451629e-07
0.04357821089455272,2.7594061075729516e-07
0.04361819090454773,2.7865037039917734e-07
0.04365817091454273,2.8134741732713637e-07
0.04369815092453773,2.8403162780698074e-07
0.043738130934532736,2.8670287930277776e-07
0.043778110944527736,2.8936104991426146e-07
0.04381809095452274,2.9200601854603385e-07
0.04385807096451774,2.946376656607935e-07
0.04389805097451274,2.9725587360927955e-07
0.04393803098450775,2.998605267493811e-07
0.04397801099450275,3.0245151177429594e-07
0.04401799100449775,3.050287173653934e-07
0.044057971014492756,3.075920329822664e-07
0.044097951024487755,3.1014134818864595e-07
0.04413793103448276,3.1267655305206283e-07
0.04417791104447776,3.15197538506841e-07
0.04421789105447276,3.177041961003966e-07
0.04425787106446777,3.2019641798491815e-07
0.04429785107446277,3.2267409739916957e-07
0.044337831084457775,3.251371285995598e-07
0.044377811094452775,3.2758540638833453e-07
0.044417791104447775,3.300188264413064e-07
0.04445777111444278,3.3243728601284333e-07
0.04449775112443778,3.348406840691759e-07
0.04453773113443278,3.372289209432228e-07
0.04457771114442779,3.396018976053762e-07
0.04461769115442279,3.419595151937062e-07
0.044657671164417795,3.443016755426867e-07
0.044697651174412795,3.466282817751641e-07
0.044737631184407795,3.4893923788441255e-07
0.0447776111944028,3.512344477646597e-07
0.0448175912043978,3.5351381466518515e-07
0.04485757121439281,3.557772412208126e-07
0.04489755122438781,3.5802462965514386e-07
0.04493753123438281,3.602558821168248e-07
0.044977511244377814,3.62470901247011e-07
0.045017491254372814,3.646695906340025e-07
0.045057471264367814,3.668518544532889e-07
0.04509745127436282,3.6901759640731635e-07
0.04513743128435782,3.7116671969280854e-07
0.04517741129435283,3.7329912869126825e-07
0.04521739130434783,3.754147302686048e-07
0.04525737131434283,3.7751343339460243e-07
0.045297351324337834,3.7959514838276875e-07
0.045337331334332834,3.816597864909047e-07
0.045377311344327834,3.837072592129274e-07
0.04541729135432284,3.857374773501728e-07
0.04545727136431784,3.877503508844789e-07
0.04549725137431285,3.8974578973009807e-07
0.04553723138430785,3.9172370427761606e-07
0.04557721139430285,3.936840050007879e-07
0.045617191404297854,3.956266017399348e-07
0.04565717141429285,3.9755140411273635e-07
0.04569715142428786,3.9945832303382294e-07
0.04573713143428286,4.013472714439976e-07
0.04577711144427786,4.032181633908168e-07
0.04581709145427287,4.0507091290266923e-07
0.045857071464267866,4.069054341220903e-07
0.045897051474262866,4.0872164220274125e-07
0.04593703148425787,4.1051945378882693e-07
0.04597701149425287,4.122987868856999e-07
0.04601699150424788,4.140595606595228e-07
0.04605697151424288,4.1580169554859525e-07
0.04609695152423788,4.1752511351620635e-07
0.046136931534232886,4.19229738359339e-07
0.046176911544227886,4.209154962235521e-07
0.04621689155422289,4.225823161290595e-07
0.04625687156421789,4.2423013007577427e-07
0.04629685157421289,4.2585887240563896e-07
0.0463368315842079,4.2746847882347266e-07
0.0463768115942029,4.2905888621538855e-07
0.0464167916041979,4.306300336349598e-07
0.046456771614192906,4.321818630771606e-07
0.046496751624187906,4.3371431853589533e-07
0.04653673163418291,4.352273444667778e-07
0.04657671164417791,4.367208857556096e-07
0.04661669165417291,4.381948885677941e-07
0.04665667166416792,4.3964930057946466e-07
0.04669665167416292,4.41084070862374e-07
0.046736631684157925,4.4249914989084566e-07
0.046776611694152925,4.438944893503395e-07
0.046816591704147925,4.45270042047004e-07
0.04685657171414293,4.4662576254053567e-07
0.04689655172413793,4.479616074954895e-07
0.04693653173413293,4.492775348231912e-07
0.04697651174412794,4.5057350308866894e-07
0.04701649175412294,4.5184947222227754e-07
0.047056471764117945,4.531054043212358e-07
0.047096451774112945,4.54341264035549e-07
0.047136431784107945,4.555570192214985e-07
0.04717641179410295,4.5675264117209307e-07
0.04721639180409795,4.5792810327428814e-07
0.04725637181409295,4.590833791015894e-07
0.04729635182408796,4.6021844211949114e-07
0.04733633183408296,4.613332668919698e-07
0.047376311844077965,4.6242782961035956e-07
0.047416291854072964,4.635021074266554e-07
0.047456271864067964,4.645560776768682e-07
0.04749625187406297,4.655897177508934e-07
0.04753623188405797,4.666030055480384e-07
0.04757621189405298,4.6759591964252155e-07
0.04761619190404798,4.685684392595625e-07
0.04765617191404298,4.69520544690588e-07
0.047696151924037984,4.704522175712148e-07
0.047736131934032984,4.7136344081209955e-07
0.047776111944027984,4.722541986931756e-07
0.04781609195402299,4.7312447698961795e-07
0.04785607196401799,4.739742627966539e-07
0.047896051974013,4.7480354446188377e-07
0.047936031984008,4.756123121169963e-07
0.047976011994003,4.764005582909199e-07
0.048015992003998004,4.771682776852409e-07
0.048055972013993004,4.779154661566102e-07
0.04809595202398801,4.786421200252912e-07
0.04813593203398301,4.79348236380598e-07
0.04817591204397801,4.80033813637952e-07
0.04821589205397302,4.806988514557125e-07
0.04825587206396802,4.813433501384809e-07
0.048295852073963016,4.819673100994943e-07
0.04833583208395802,4.825707318118857e-07
0.04837581209395302,4.831536164065575e-07
0.04841579210394803,4.837159665353389e-07
0.04845577211394303,4.842577867380041e-07
0.04849575212393803,4.847790830113135e-07
0.048535732133933036,4.852798623415006e-07
0.048575712143928036,4.857601328324384e-07
0.04861569215392304,4.86219903779856e-07
0.04865567216391804,4.866591851897821e-07
0.04869565217391304,4.870779871622929e-07
0.04873563218390805,4.874763195666088e-07
0.04877561219390305,4.878541924261286e-07
0.04881559220389805,4.882116170494226e-07
0.048855572213893056,4.885486071705987e-07
0.048895552223888056,4.88865179518967e-07
0.04893553223388306,4.891613537670699e-07
0.04897551224387806,4.894371519539566e-07
0.04901549225387306,4.896925975290237e-07
0.04905547226386807,4.899277143654475e-07
0.04909545227386307,4.901425262673767e-07
0.04913543228385807,4.903370572217835e-07
0.049175412293853075,4.905113318571247e-07
0.049215392303848075,4.906653754790491e-07
0.04925537231384308,4.907992140247212e-07
0.04929535232383808,4.909128740823255e-07
0.04933533233383308,4.910063823397718e-07
0.04937531234382809,4.910797648302605e-07
0.04941529235382309,4.911330469286475e-07
0.049455272363818095,4.911662536688228e-07
0.049495252373813095,4.911794094480179e-07
0.049535232383808095,4.911725374695528e-07
0.0495752123938031,4.911456601214179e-07
0.0496151924037981,4.910988005800969e-07
0.0496551724137931,4.910319843055811e-07
0.04969515242378811,4.909452391158865e-07
0.04973513243378311,4.908385942223919e-07
0.049775112443778115,4.90712079198572e-07
0.049815092453773115,4.905657232932539e-07
0.049855072463768114,4.903995556436176e-07
0.04989505247376312,4.902136063792299e-07
0.04993503248375812,4.900079072780948e-07
0.04997501249375313,4.897824913288043e-07
0.05001499250374813,4.895373919465329e-07
0.05005497251374313,4.892726425173376e-07
0.050094952523738134,4.889882763837826e-07
0.050134932533733134,4.886843268793631e-07
0.050174912543728134,4.883608272042839e-07
0.05021489255372314,4.880178108903337e-07
0.05025487256371814,4.876553130262574e-07
0.05029485257371315,4.872733709021185e-07
0.05033483258370815,4.86872023682613e-07
0.05037481259370315,4.864513120893535e-07
0.050414792603698154,4.860112782722153e-07
0.050454772613693154,4.855519656213056e-07
0.050494752623688154,4.850734185033899e-07
0.05053473263368316,4.845756821028665e-07
0.05057471264367816,4.840588029311957e-07
0.05061469265367317,4.835228296532443e-07
0.05065467266366817,4.829678130865324e-07
0.05069465267366317,4.823938053336146e-07
0.05073463268365817,4.818008589754426e-07
0.05077461269365317,4.811890269566846e-07
0.05081459270364818,4.805583629182841e-07
0.05085457271364318,4.799089212009106e-07
0.05089455272363818,4.792407563987934e-07
0.05093453273363319,4.78553923175655e-07
0.050974512743628186,4.778484764781128e-07
0.051014492753623186,4.771244716422253e-07
0.05105447276361819,4.7638196454842743e-07
0.05109445277361319,4.756210120807089e-07
0.0511344327836082,4.748416724490611e-07
0.0511744127936032,4.7404400521617683e-07
0.0512143928035982,4.732280711463824e-07
0.051254372813593206,4.7239393174138653e-07
0.051294352823588206,4.7154164880813264e-07
0.05133433283358321,4.7067128442515534e-07
0.05137431284357821,4.6978290089006434e-07
0.05141429285357321,4.688765607288688e-07
0.05145427286356822,4.6795232726645007e-07
0.05149425287356322,4.6701026497313704e-07
0.05153423288355822,4.6605043895139235e-07
0.051574212893553226,4.6507291444200567e-07
0.051614192903548226,4.6407775680190215e-07
0.05165417291354323,4.630650316603979e-07
0.05169415292353823,4.6203480513339184e-07
0.05173413293353323,4.6098714384331565e-07
0.05177411294352824,4.599221147311534e-07
0.05181409295352324,4.588397849623394e-07
0.051854072963518245,4.577402221252477e-07
0.051894052973513245,4.5662349489117484e-07
0.051934032983508245,4.554896735408122e-07
0.05197401299350325,4.5433882929765057e-07
0.05201399300349825,4.5317103311791854e-07
0.05205397301349325,4.5198635557166044e-07
0.05209395302348826,4.50784867663386e-07
0.05213393303348326,4.4956664129300374e-07
0.052173913043478265,4.483317489284781e-07
0.052213893053473265,4.470802630578305e-07
0.052253873063468265,4.4581225603530775e-07
0.05229385307346327,4.445278003092666e-07
0.05233383308345827,4.4322696878207954e-07
0.05237381309345327,4.4190983482008925e-07
0.05241379310344828,4.4057647173595956e-07
0.05245377311344328,4.392269527693866e-07
0.052493753123438285,4.3786135184934546e-07
0.052533733133433284,4.364797439242887e-07
0.052573713143428284,4.3508220463792773e-07
0.05261369315342329,4.336688103094865e-07
0.05265367316341829,4.3223963820349063e-07
0.0526936531734133,4.3079476622578773e-07
0.0527336331834083,4.2933427231655006e-07
0.0527736131934033,4.27858234692919e-07
0.052813593203398304,4.263667327164356e-07
0.052853573213393304,4.248598468300892e-07
0.052893553223388304,4.233376571910731e-07
0.05293353323338331,4.2180024254441625e-07
0.05297351324337831,4.202476807186997e-07
0.05301349325337332,4.186800500358159e-07
0.05305347326336832,4.170974300833297e-07
0.05309345327336332,4.1549990173513364e-07
0.053133433283358324,4.138875471345866e-07
0.053173413293353324,4.1226044978419004e-07
0.05321339330334833,4.106186942660361e-07
0.05325337331334333,4.089623652837059e-07
0.05329335332333833,4.0729154683669056e-07
0.05333333333333334,4.0560632259180073e-07
0.05337331334332834,4.0390677703790354e-07
0.053413293353323336,4.0219299611351564e-07
0.05345327336331834,4.0046506696687533e-07
0.05349325337331334,3.9872307756019774e-07
0.05353323338330835,3.969671166310735e-07
0.05357321339330335,3.951972739786815e-07
0.05361319340329835,3.934136406313431e-07
0.053653173413293356,3.9161630833269915e-07
0.053693153423288356,3.8980536858372084e-07
0.053733133433283356,3.879809118578519e-07
0.05377311344327836,3.861430271594169e-07
0.05381309345327336,3.842918023103181e-07
0.05385307346326837,3.824273250395121e-07
0.05389305347326337,3.8054968399332455e-07
0.05393303348325837,3.7865896909767666e-07
0.053973013493253376,3.7675527133429256e-07
0.054012993503248376,3.748386821482245e-07
0.05405297351324338,3.729092927971904e-07
0.05409295352323838,3.7096719387744813e-07
0.05413293353323338,3.6901247520379414e-07
0.05417291354322839,3.6704522606104004e-07
0.05421289355322339,3.650655358455639e-07
0.05425287356321839,3.63073495095657e-07
0.054292853573213395,3.610691962013805e-07
0.054332833583208395,3.590527330796729e-07
0.0543728135932034,3.5702420045685224e-07
0.0544127936031984,3.5498369375838054e-07
0.0544527736131934,3.5293130926924134e-07
0.05449275362318841,3.508671437525415e-07
0.05453273363318341,3.487912937324933e-07
0.054572713643178415,3.467038550988203e-07
0.054612693653173415,3.446049231729083e-07
0.054652673663168415,3.424945932033689e-07
0.05469265367316342,3.4037296134811494e-07
0.05473263368315842,3.38240125626187e-07
0.05477261369315342,3.360961857636136e-07
0.05481259370314843,3.339412417270756e-07
0.05485257371314343,3.317753922905521e-07
0.054892553723138435,3.2959873461246035e-07
0.054932533733133435,3.274113641761037e-07
0.054972513743128434,3.252133748511755e-07
0.05501249375312344,3.2300485959424593e-07
0.05505247376311844,3.207859111149644e-07
0.05509245377311345,3.1855662187942517e-07
0.05513243378310845,3.163170840642699e-07
0.05517241379310345,3.140673894925414e-07
0.055212393803098454,3.118076294692732e-07
0.055252373813093454,3.0953789523845094e-07
0.055292353823088454,3.072582785706714e-07
0.05533233383308346,3.0496887139212066e-07
0.05537231384307846,3.026697649603796e-07
0.05541229385307347,3.0036104954842246e-07
0.05545227386306847,2.98042814749806e-07
0.05549225387306347,2.957151501627987e-07
0.055532233883058474,2.9337814622983344e-07
0.055572213893053474,2.9103189480744016e-07
0.055612193903048474,2.886764890616925e-07
0.05565217391304348,2.8631202279595305e-07
0.05569215392303848,2.839385895462541e-07
0.05573213393303349,2.815562817336908e-07
0.05577211394302849,2.791651903408284e-07
0.05581209395302349,2.7676540528474126e-07
0.05585207396301849,2.7435701584695476e-07
0.05589205397301349,2.71940110711848e-07
0.0559320339830085,2.6951477792773835e-07
0.0559720139930035,2.670811049930796e-07
0.0560119940029985,2.6463917904662133e-07
0.056051974012993507,2.6218908720124345e-07
0.056091954022988506,2.597309166848161e-07
0.056131934032983506,2.572647545570145e-07
0.05617191404297851,2.5479068747157784e-07
0.05621189405297351,2.5230880156595645e-07
0.05625187406296852,2.498191821180983e-07
0.05629185407296352,2.473219132808704e-07
0.05633183408295852,2.4481707855613317e-07
0.056371814092953526,2.423047620519085e-07
0.056411794102948526,2.3978504955623615e-07
0.05645177411294353,2.3725802845261948e-07
0.05649175412293853,2.3472378682854682e-07
0.05653173413293353,2.3218241286515317e-07
0.05657171414292854,2.2963399496508804e-07
0.05661169415292354,2.2707862216518034e-07
0.05665167416291854,2.2451638418796102e-07
0.056691654172913546,2.2194737126739935e-07
0.056731634182908545,2.1937167409040112e-07
0.05677161419290355,2.1678938339444748e-07
0.05681159420289855,2.1420058911824224e-07
0.05685157421289355,2.116053798220365e-07
0.05689155422288856,2.090038429415185e-07
0.05693153423288356,2.063960658168536e-07
0.056971514242878565,2.0378213671057605e-07
0.057011494252873565,2.0116214532862783e-07
0.057051474262868565,1.9853618289792035e-07
0.05709145427286357,1.9590434170846664e-07
0.05713143428285857,1.9326671444424154e-07
0.05717141429285357,1.9062339373996065e-07
0.05721139430284858,1.8797447197119363e-07
0.05725137431284358,1.853200412864705e-07
0.057291354322838585,1.826601936031084e-07
0.057331334332833585,1.7999502046238397e-07
0.057371314342828585,1.7732461342221372e-07
0.05741129435282359,1.7464906487054638e-07
0.05745127436281859,1.7196846814524699e-07
0.05749125437281359,1.6928291693062476e-07
0.0575312343828086,1.6659250484104402e-07
0.0575712143928036,1.6389732554434299e-07
0.057611194402798604,1.6119747303251342e-07
0.057651174412793604,1.5849304142723673e-07
0.057691154422788604,1.5578412447302072e-07
0.05773113443278361,1.530708155327318e-07
0.05777111444277861,1.5035320823826654e-07
0.05781109445277362,1.4763139727711804e-07
0.05785107446276862,1.4490547862790626e-07
0.05789105447276362,1.4217554900386262e-07
0.057931034482758624,1.3944170542837003e-07
0.057971014492753624,1.367040453859577e-07
0.058010994502748624,1.3396266666059467e-07
0.05805097451274363,1.312176667655998e-07
0.05809095452273863,1.284691427426981e-07
0.05813093453273364,1.257171913252163e-07
0.05817091454272864,1.2296190887288664e-07
0.05821089455272364,1.2020339104592504e-07
0.058250874562718644,1.1744173283816498e-07
0.05829085457271364,1.1467702917167448e-07
0.05833083458270865,1.1190937564416031e-07
0.05837081459270365,1.0913886882172373e-07
0.05841079460269865,1.0636560560864935e-07
0.05845077461269366,1.0358968226308112e-07
0.05849075462268866,1.0081119394790666e-07
0.058530734632683656,9.803023469881019e-08
0.05857071464267866,9.524689758835838e-08
0.05861069465267366,9.246127538543333e-08
0.05865067466266867,8.967346151496222e-08
0.05869065467266367,8.688355060617043e-08
0.05873063468265867,8.409163822687331e-08
0.058770614692653676,8.129781985096965e-08
0.058810594702648676,7.850218990622649e-08
0.05885057471264368,7.570484191340523e-08
0.05889055472263868,7.290586936517085e-08
0.05893053473263368,7.010536630260616e-08
0.05897051474262869,6.730342729242646e-08
0.05901049475262369,6.450014736878097e-08
0.05905047476261869,6.169562256314888e-08
0.059090454772613696,5.8889950663318546e-08
0.059130434782608696,5.608323124249331e-08
0.0591704147926037,5.327556480073532e-08
0.0592103948025987,5.0467051782613317e-08
0.0592503748125937,4.765779201009575e-08
0.05929035482258871,4.4847884258624525e-08
0.05933033483258371,4.203742579125371e-08
0.05937031484257871,3.9226512212271494e-08
0.059410294852573715,3.641523743531665e-08
0.059450274862568715,3.3603693495168836e-08
0.05949025487256372,3.079197098322826e-08
0.05953023488255872,2.798016025321855e-08
0.05957021489255372,2.5168352394683717e-08
0.05961019490254873,2.2356639533289737e-08
0.05965017491254373,1.95451143759143e-08
0.059690154922538735,1.673386888248666e-08
0.059730134932533735,1.392299310295528e-08
0.059770114942528735,1.111257551090223e-08
0.05981009495252374,8.302704338161622e-09
0.05985007496251874,5.493468380111807e-09
0.05989005497251374,2.684956690292829e-09
0.05993003498250875,-1.2274203948562905e-10
0.05997001499250375,-2.9295393652297512e-09
0.060009995002498755,-5.735346457963017e-09
0.060049975012493755,-8.540074107252671e-09
0.060089955022488754,-1.134363354741491e-08
0.06012993503248376,-1.4145937194716226e-08
0.06016991504247876,-1.6946898914274446e-08
0.06020989505247377,-1.9746433975685922e-08
0.06024987506246877,-2.254445867878125e-08
0.06028985507246377,-2.5340889960073907e-08
0.060329835082458774,-2.8135645478026217e-08
0.060369815092453774,-3.092864385918233e-08
0.060409795102448774,-3.371980437483289e-08
0.06044977511244378,-3.6509046525218814e-08
0.06048975512243878,-3.9296290568478595e-08
0.06052973513243379,-4.2081458331077616e-08
0.06056971514242879,-4.48644731458193e-08
0.06060969515242379,-4.764525917583067e-08
0.060649675162418794,-5.0423740802751665e-08
0.060689655172413794,-5.319984243067928e-08
0.060729635182408793,-5.597348856056819e-08
0.0607696151924038,-5.8744603840734864e-08
0.0608095952023988,-6.151311336303582e-08
0.06084957521239381,-6.42789431612756e-08
0.06088955522238881,-6.704202025106495e-08
0.06092953523238381,-6.9802272244696e-08
0.06096951524237881,-7.255962684786765e-08
0.06100949525237381,-7.531401116003647e-08
0.06104947526236882,-7.806535136967208e-08
0.06108945527236382,-8.081357272396038e-08
0.06112943528235882,-8.3558598780528e-08
0.061169415292353826,-8.630035128643642e-08
0.061209395302348826,-8.903875193280937e-08
0.061249375312343826,-9.177372398903328e-08
0.06128935532233883,-9.450519248376442e-08
0.06132933533233383,-9.723308379853255e-08
0.06136931534232884,-9.9957325032944e-08
0.06140929535232384,-1.0267784323218899e-07
0.06144927536231884,-1.0539456529171426e-07
0.061489255372313846,-1.0810741898501215e-07
0.061529235382308846,-1.1081633396559168e-07
0.06156921539230385,-1.1352124117187532e-07
0.06160919540229885,-1.1622207142876575e-07
0.06164917541229385,-1.1891875515753662e-07
0.06168915542228886,-1.2161122288975512e-07
0.06172913543228386,-1.2429940535804668e-07
0.06176911544227886,-1.2698323344569144e-07
0.061809095452273866,-1.2966263859005652e-07
0.061849075462268865,-1.3233755300765114e-07
0.06188905547226387,-1.350079090564225e-07
0.06192903548225887,-1.37673638330296e-07
0.06196901549225387,-1.403346717119616e-07
0.06200899550224888,-1.4299094058515782e-07
0.06204897551224388,-1.4564237772090145e-07
0.062088955522238885,-1.4828891673717013e-07
0.062128935532233885,-1.5093049105247742e-07
0.062168915542228885,-1.535670334115286e-07
0.06220889555222389,-1.5619847595317365e-07
0.06224887556221889,-1.5882475094116908e-07
0.06228885557221389,-1.6144579203853273e-07
0.0623288355822089,-1.6406153471819263e-07
0.0623688155922039,-1.6667191511436793e-07
0.062408795602198905,-1.692768685295038e-07
0.062448775612193905,-1.7187632895566746e-07
0.062488755622188905,-1.7447022975824395e-07
0.0625287356321839,-1.7705850434691007e-07
0.06256871564217892,-1.796410858476673e-07
0.06260869565217392,-1.8221790665662518e-07
0.06264867566216892,-1.8478889903073595e-07
0.06268865567216392,-1.8735399613916183e-07
0.06272863568215892,-1.8991313226734725e-07
0.06276861569215393,-1.9246624187322863e-07
0.06280859570214893,-1.950132586470558e-07
0.06284857571214393,-1.9755411567412927e-07
0.06288855572213893,-2.0008874629057946e-07
0.06292853573213393,-2.0261708460746356e-07
0.06296851574212893,-2.0513906540758065e-07
0.06300849575212394,-2.076546238870386e-07
0.06304847576211894,-2.101636956465299e-07
0.06308845577211394,-2.1266621672739253e-07
0.06312843578210894,-2.1516212326519096e-07
0.06316841579210394,-2.1765135111236376e-07
0.06320839580209896,-2.2013383609698275e-07
0.06324837581209396,-2.2260951447048516e-07
0.06328835582208896,-2.2507832285626826e-07
0.06332833583208396,-2.2754019793765987e-07
0.06336831584207896,-2.2999507665664707e-07
0.06340829585207397,-2.3244289701282192e-07
0.06344827586206897,-2.348835980738758e-07
0.06348825587206397,-2.3731711870578677e-07
0.06352823588205897,-2.397433967057999e-07
0.06356821589205397,-2.421623692424905e-07
0.06360819590204898,-2.4457397376574466e-07
0.06364817591204398,-2.4697814848986855e-07
0.06368815592203898,-2.4937483241879916e-07
0.06372813593203398,-2.51763965637598e-07
0.06376811594202898,-2.5414548980566167e-07
0.06380809595202398,-2.5651934772630956e-07
0.063848075962019,-2.5888548202755264e-07
0.063888055972014,-2.61243834182524e-07
0.063928035982009,-2.635943443217276e-07
0.063968015992004,-2.6593695158746146e-07
0.064007996001999,-2.6827159480064706e-07
0.06404797601199401,-2.705982132363799e-07
0.06408795602198901,-2.729167469852925e-07
0.06412793603198401,-2.7522713591326684e-07
0.06416791604197901,-2.7752931775984264e-07
0.06420789605197401,-2.7982322770059946e-07
0.06424787606196902,-2.821087997784698e-07
0.06428785607196402,-2.8438596832467663e-07
0.06432783608195902,-2.866546683793498e-07
0.06436781609195402,-2.889148353801468e-07
0.06440779610194902,-2.9116640461699374e-07
0.06444777611194404,-2.934093109324314e-07
0.06448775612193904,-2.9564348881292216e-07
0.06452773613193404,-2.978688726053271e-07
0.06456771614192904,-3.0008539631453177e-07
0.06460769615192404,-3.0229299299342437e-07
0.06464767616191905,-3.044915944407165e-07
0.06468765617191405,-3.066811313867393e-07
0.06472763618190905,-3.08861533953599e-07
0.06476761619190405,-3.1103273209533394e-07
0.06480759620189905,-3.1319465548274855e-07
0.06484757621189405,-3.1534723286400303e-07
0.06488755622188906,-3.174903913059199e-07
0.06492753623188406,-3.1962405575450486e-07
0.06496751624187906,-3.217481496848269e-07
0.06500749625187406,-3.238625967570651e-07
0.06504747626186906,-3.2596732185157195e-07
0.06508745627186407,-3.280622503091774e-07
0.06512743628185907,-3.301473065282117e-07
0.06516741629185407,-3.322224137268065e-07
0.06520739630184907,-3.342874946158697e-07
0.06524737631184407,-3.3634247165245124e-07
0.06528735632183909,-3.383872669952584e-07
0.06532733633183409,-3.404218029796679e-07
0.06536731634182909,-3.424460027011233e-07
0.06540729635182409,-3.444597898908745e-07
0.06544727636181909,-3.464630881126572e-07
0.0654872563718141,-3.484558200591555e-07
0.0655272363818091,-3.5043790773329817e-07
0.0655672163918041,-3.524092731243935e-07
0.0656071964017991,-3.5436983839288793e-07
0.0656471764117941,-3.5631952552403215e-07
0.0656871564217891,-3.582582560616092e-07
0.06572713643178411,-3.601859511118007e-07
0.06576711644177911,-3.621025312284383e-07
0.06580709645177411,-3.640079160008056e-07
0.06584707646176911,-3.6590202388310363e-07
0.06588705647176411,-3.677847726109223e-07
0.06592703648175913,-3.696560795153712e-07
0.06596701649175413,-3.7151586116476914e-07
0.06600699650174913,-3.7336403291399616e-07
0.06604697651174413,-3.752005090148974e-07
0.06608695652173913,-3.7702520297724266e-07
0.06612693653173414,-3.788380275616976e-07
0.06616691654172914,-3.806388946843192e-07
0.06620689655172414,-3.824277159120515e-07
0.06624687656171914,-3.8420440317413435e-07
0.06628685657171414,-3.859688687876803e-07
0.06632683658170915,-3.8772102494775135e-07
0.06636681659170415,-3.894607837651007e-07
0.06640679660169915,-3.9118805802675443e-07
0.06644677661169415,-3.9290276147833485e-07
0.06648675662168915,-3.946048081449748e-07
0.06652673663168415,-3.962941114609732e-07
0.06656671664167917,-3.9797058391872037e-07
0.06660669665167417,-3.996341374654775e-07
0.06664667666166917,-4.0128468405555366e-07
0.06668665667166417,-4.0292213580765404e-07
0.06672663668165917,-4.0454640500840647e-07
0.06676661669165418,-4.061574039484378e-07
0.06680659670164918,-4.0775504454880293e-07
0.06684657671164418,-4.093392381479542e-07
0.06688655672163918,-4.1090989559709767e-07
0.06692653673163418,-4.1246692731493665e-07
0.06696651674162919,-4.1401024316023494e-07
0.06700649675162419,-4.1553975255200955e-07
0.06704647676161919,-4.170553647243566e-07
0.06708645677161419,-4.1855698888366865e-07
0.06712643678160919,-4.2004453453409385e-07
0.0671664167916042,-4.215179115911836e-07
0.0672063968015992,-4.229770300862672e-07
0.0672463768115942,-4.244217998876372e-07
0.0672863568215892,-4.2585213024232624e-07
0.0673263368315842,-4.2726792943662017e-07
0.06736631684157922,-4.2866910523739535e-07
0.06740629685157422,-4.3005556542866467e-07
0.06744627686156922,-4.31427217968878e-07
0.06748625687156422,-4.3278397120251467e-07
0.06752623688155922,-4.3412573395334915e-07
0.06756621689155422,-4.354524150361151e-07
0.06760619690154923,-4.3676392251700857e-07
0.06764617691154423,-4.380601636012467e-07
0.06768615692153923,-4.393410452297e-07
0.06772613693153423,-4.4060647485797295e-07
0.06776611694152923,-4.418563612080533e-07
0.06780609695152424,-4.430906145714855e-07
0.06784607696151924,-4.443091464218916e-07
0.06788605697151424,-4.4551186874801757e-07
0.06792603698150924,-4.4669869354208274e-07
0.06796601699150424,-4.4786953259997593e-07
0.06800599700149926,-4.490242975029096e-07
0.06804597701149426,-4.5016289979298805e-07
0.06808595702148926,-4.512852513874424e-07
0.06812593703148426,-4.5239126480427607e-07
0.06816591704147926,-4.5348085314221893e-07
0.06820589705147427,-4.545539301963558e-07
0.06824587706146927,-4.5561041030950117e-07
0.06828585707146427,-4.5665020773825577e-07
0.06832583708145927,-4.576732365001512e-07
0.06836581709145427,-4.5867941114162757e-07
0.06840579710144927,-4.5966864764185716e-07
0.06844577711144428,-4.6064086397547235e-07
0.06848575712143928,-4.615959804249065e-07
0.06852573713143428,-4.625339193604187e-07
0.06856571714142928,-4.6345460463688805e-07
0.06860569715142428,-4.6435796144211554e-07
0.0686456771614193,-4.6524391629606964e-07
0.0686856571714143,-4.6611239659619176e-07
0.0687256371814093,-4.669633304031379e-07
0.0687656171914043,-4.6779664650921705e-07
0.0688055972013993,-4.686122739921117e-07
0.06884557721139431,-4.6941014197185723e-07
0.06888555722138931,-4.7019018041202385e-07
0.06892553723138431,-4.7095232094162087e-07
0.06896551724137931,-4.716964968481391e-07
0.06900549725137431,-4.724226426404799e-07
0.06904547726136932,-4.731306936277196e-07
0.06908545727136432,-4.738205859410248e-07
0.06912543728135932,-4.74492257054641e-07
0.06916541729135432,-4.7514564604828363e-07
0.06920539730134932,-4.7578069340600774e-07
0.06924537731134434,-4.7639734095028234e-07
0.06928535732133934,-4.769955318032289e-07
0.06932533733133434,-4.775752100831481e-07
0.06936531734132934,-4.781363209064925e-07
0.06940529735132434,-4.786788110741536e-07
0.06944527736131934,-4.792026297117176e-07
0.06948525737131435,-4.797077278377179e-07
0.06952523738130935,-4.80194057258625e-07
0.06956521739130435,-4.806615700327174e-07
0.06960519740129935,-4.811102187164966e-07
0.06964517741129435,-4.815399570011549e-07
0.06968515742128936,-4.819507401851281e-07
0.06972513743128436,-4.823425249623027e-07
0.06976511744127936,-4.827152690488278e-07
0.06980509745127436,-4.830689313950655e-07
0.06984507746126936,-4.834034724572784e-07
0.06988505747126438,-4.837188539365779e-07
0.06992503748125938,-4.840150385639793e-07
0.06996501749125437,-4.842919902036017e-07
0.07000499750124937,-4.845496736479991e-07
0.07004497751124437,-4.84788054032353e-07
0.07008495752123939,-4.850070963383016e-07
0.07012493753123439,-4.8520676493277e-07
0.07016491754122939,-4.853870233368264e-07
0.07020489755122439,-4.855478349512203e-07
0.07024487756121939,-4.856891641535778e-07
0.07028485757121439,-4.858109767512131e-07
0.0703248375812094,-4.859132403833024e-07
0.0703648175912044,-4.859959253245684e-07
0.0704047976011994,-4.860590050247103e-07
0.0704447776111944,-4.861024559153088e-07
0.0704847576211894,-4.861262565575051e-07
0.07052473763118441,-4.861303867863013e-07
0.07056471764117941,-4.86114827309836e-07
0.07060469765117441,-4.860795595773231e-07
0.07064467766116941,-4.860245658324412e-07
0.07068465767116441,-4.859498291124494e-07
0.07072463768115943,-4.858553329061082e-07
0.07076461769115443,-4.857410609287535e-07
0.07080459770114943,-4.856069973846842e-07
0.07084457771114443,-4.854531270498504e-07
0.07088455772113943,-4.852794347587353e-07
0.07092453773113444,-4.850859050345026e-07
0.07096451774112944,-4.848725224238524e-07
0.07100449775112444,-4.846392721900411e-07
0.07104447776111944,-4.843861407703365e-07
0.07108445777111444,-4.841131156650242e-07
0.07112443778110945,-4.838201848834262e-07
0.07116441779110445,-4.835073364375744e-07
0.07120439780109945,-4.831745583480981e-07
0.07124437781109445,-4.82821839043086e-07
0.07128435782108945,-4.824491673413065e-07
0.07132433783108445,-4.820565319079985e-07
0.07136431784107947,-4.816439210887464e-07
0.07140429785107447,-4.812113233052763e-07
0.07144427786106947,-4.807587275647723e-07
0.07148425787106447,-4.802861239113051e-07
0.07152423788105947,-4.797935036144265e-07
0.07156421789105448,-4.792808590055e-07
0.07160419790104948,-4.787481831940498e-07
0.07164417791104448,-4.781954700926617e-07
0.07168415792103948,-4.776227148758949e-07
0.07172413793103448,-4.770299143987137e-07
0.07176411794102949,-4.764170673222929e-07
0.07180409795102449,-4.757841737869622e-07
0.07184407796101949,-4.7513123458384856e-07
0.07188405797101449,-4.744582507108494e-07
0.07192403798100949,-4.7376522385698645e-07
0.0719640179910045,-4.730521570549604e-07
0.0720039980009995,-4.723190546982523e-07
0.0720439780109945,-4.715659221252375e-07
0.0720839580209895,-4.7079276541497025e-07
0.0721239380309845,-4.699995914232071e-07
0.0721639180409795,-4.6918640788104277e-07
0.07220389805097452,-4.6835322378346405e-07
0.07224387806096952,-4.675000501025977e-07
0.07228385807096452,-4.6662690036482214e-07
0.07232383808095952,-4.6573379078369094e-07
0.07236381809095452,-4.6482073994493745e-07
0.07240379810094953,-4.638877679031933e-07
0.07244377811094453,-4.6293489509037794e-07
0.07248375812093953,-4.6196214212385e-07
0.07252373813093453,-4.6096953048698605e-07
0.07256371814092953,-4.5995708278416034e-07
0.07260369815092454,-4.589248224024307e-07
0.07264367816091954,-4.578727736282724e-07
0.07268365817091454,-4.5680096210383407e-07
0.07272363818090954,-4.5570941470229237e-07
0.07276361819090454,-4.5459815880863276e-07
0.07280359820089956,-4.534672218107403e-07
0.07284357821089456,-4.5231663153612693e-07
0.07288355822088956,-4.511464173672273e-07
0.07292353823088456,-4.499566109508798e-07
0.07296351824087956,-4.4874724602873105e-07
0.07300349825087457,-4.47518357999677e-07
0.07304347826086957,-4.4626998359068947e-07
0.07308345827086457,-4.4500216059005557e-07
0.07312343828085957,-4.437149280243477e-07
0.07316341829085457,-4.424083265368947e-07
0.07320339830084957,-4.4108239808458963e-07
0.07324337831084458,-4.397371850511456e-07
0.07328335832083958,-4.383727297518496e-07
0.07332333833083458,-4.369890750564391e-07
0.07336331834082958,-4.355862654928753e-07
0.07340329835082458,-4.341643476147161e-07
0.0734432783608196,-4.3272336975628366e-07
0.0734832583708146,-4.3126338182523704e-07
0.0735232383808096,-4.2978443507539427e-07
0.0735632183908046,-4.2828658170824455e-07
0.0736031984007996,-4.2676987462856634e-07
0.07364317841079461,-4.252343676410612e-07
0.07368315842078961,-4.2368011580229345e-07
0.07372313843078461,-4.2210717557142657e-07
0.07376311844077961,-4.205156044877075e-07
0.07380309845077461,-4.189054602442556e-07
0.07384307846076962,-4.172767998661421e-07
0.07388305847076462,-4.1562967994420353e-07
0.07392303848075962,-4.1396415770222655e-07
0.07396301849075462,-4.1228029187273005e-07
0.07400299850074962,-4.1057814297763246e-07
0.07404297851074462,-4.088577731628349e-07
0.07408295852073964,-4.0711924582021564e-07
0.07412293853073464,-4.053626256863894e-07
0.07416291854072964,-4.035879795424172e-07
0.07420289855072464,-4.017953765244711e-07
0.07424287856071964,-3.999848877311692e-07
0.07428285857071465,-3.981565856070127e-07
0.07432283858070965,-3.9631054319629855e-07
0.07436281859070465,-3.9444683348733505e-07
0.07440279860069965,-3.9256552945557043e-07
0.07444277861069465,-3.906667047248683e-07
0.07448275862068966,-3.8875043421466046e-07
0.07452273863068466,-3.8681679458911304e-07
0.07456271864067966,-3.8486586455299304e-07
0.07460269865067466,-3.828977247681382e-07
0.07464267866066966,-3.809124572128753e-07
0.07468265867066468,-3.789101444377303e-07
0.07472263868065968,-3.768908691670451e-07
0.07476261869065468,-3.748547139781709e-07
0.07480259870064968,-3.728017609439291e-07
0.07484257871064467,-3.707320915562912e-07
0.07488255872063969,-3.686457868592013e-07
0.07492253873063469,-3.6654292766381234e-07
0.07496251874062969,-3.644235950647183e-07
0.07500249875062469,-3.622878707839e-07
0.07504247876061969,-3.6013583674737685e-07
0.07508245877061469,-3.5796757470439526e-07
0.0751224387806097,-3.5578316647664537e-07
0.0751624187906047,-3.53582694172938e-07
0.0752023988005997,-3.513662405767436e-07
0.0752423788105947,-3.4913389007050303e-07
0.0752823588205897,-3.4688572875518347e-07
0.07532233883058471,-3.446218434632115e-07
0.07536231884057971,-3.423423214099309e-07
0.07540229885057471,-3.4004725095679895e-07
0.07544227886056971,-3.377367222516171e-07
0.07548225887056471,-3.3541082719798526e-07
0.07552223888055973,-3.330696593451928e-07
0.07556221889055473,-3.30713313737017e-07
0.07560219890054973,-3.283418862299946e-07
0.07564217891054473,-3.2595547290219065e-07
0.07568215892053973,-3.235541704082484e-07
0.07572213893053474,-3.211380768695399e-07
0.07576211894052974,-3.187072923404604e-07
0.07580209895052474,-3.162619183129874e-07
0.07584207896051974,-3.138020565426702e-07
0.07588205897051474,-3.1132780807418893e-07
0.07592203898050974,-3.088392729396922e-07
0.07596201899050475,-3.063365505745897e-07
0.07600199900049975,-3.0381974080915706e-07
0.07604197901049475,-3.0128894467822045e-07
0.07608195902048975,-2.9874426441663835e-07
0.07612193903048475,-2.9618580314235996e-07
0.07616191904047977,-2.936136651437046e-07
0.07620189905047477,-2.9102795682671737e-07
0.07624187906046977,-2.884287876331809e-07
0.07628185907046477,-2.858162703280537e-07
0.07632183908045977,-2.8319052044513124e-07
0.07636181909045478,-2.805516552585521e-07
0.07640179910044978,-2.778997929309772e-07
0.07644177911044478,-2.7523505213153476e-07
0.07648175912043978,-2.7255755205392705e-07
0.07652173913043478,-2.6986741245828734e-07
0.0765617191404298,-2.6716475340136704e-07
0.07660169915042479,-2.644496949866523e-07
0.07664167916041979,-2.6172235761009535e-07
0.07668165917041479,-2.5898286237846026e-07
0.07672163918040979,-2.562313312245035e-07
0.0767616191904048,-2.534678869114691e-07
0.0768015992003998,-2.5069265308087335e-07
0.0768415792103948,-2.4790575450997525e-07
0.0768815592203898,-2.451073176757678e-07
0.0769215392303848,-2.4229747106400263e-07
0.0769615192403798,-2.394763450890471e-07
0.07700149925037482,-2.366440716853876e-07
0.07704147926036982,-2.3380078323162777e-07
0.07708145927036482,-2.3094661139569488e-07
0.07712143928035982,-2.2808168700793378e-07
0.07716141929035482,-2.252061407595698e-07
0.07720139930034983,-2.223201035688305e-07
0.07724137931034483,-2.194237064395348e-07
0.07728135932033983,-2.1651708042197967e-07
0.07732133933033483,-2.1360035671706239e-07
0.07736131934032983,-2.106736669943873e-07
0.07740129935032485,-2.07737144007527e-07
0.07744127936031985,-2.0479092191389297e-07
0.07748125937031485,-2.0183513612899232e-07
0.07752123938030984,-1.9886992314106507e-07
0.07756121939030484,-1.9589542021276317e-07
0.07760119940029986,-1.9291176496484837e-07
0.07764117941029486,-1.899190953784516e-07
0.07768115942028986,-1.8691755013758524e-07
0.07772113943028486,-1.8390726885351026e-07
0.07776111944027986,-1.8088839232492628e-07
0.07780109945027486,-1.7786106269356913e-07
0.07784107946026987,-1.748254230219112e-07
0.07788105947026487,-1.7178161655623842e-07
0.07792103948025987,-1.6872978615699003e-07
0.07796101949025487,-1.656700741335506e-07
0.07800099950024987,-1.6260262255175347e-07
0.07804097951024488,-1.5952757375816194e-07
0.07808095952023988,-1.5644507076085675e-07
0.07812093953023488,-1.5335525733003884e-07
0.07816091954022988,-1.502582780456994e-07
0.07820089955022488,-1.4715427816684587e-07
0.0782408795602199,-1.4404340282661905e-07
0.0782808595702149,-1.4092579615691577e-07
0.0783208395802099,-1.3780160143801123e-07
0.0783608195902049,-1.3467096181974927e-07
0.0784007996001999,-1.3153402045285869e-07
0.07844077961019491,-1.2839092018063597e-07
0.07848075962018991,-1.252418032443118e-07
0.07852073963018491,-1.2208681090267507e-07
0.07856071964017991,-1.1892608349628408e-07
0.07860069965017491,-1.1575976120339145e-07
0.07864067966016991,-1.1258798464660949e-07
0.07868065967016492,-1.0941089519747938e-07
0.07872063968015992,-1.0622863541735748e-07
0.07876061969015492,-1.0304134906194378e-07
0.07880059970014992,-9.984918027551736e-08
0.07884057971014492,-9.665227293622417e-08
0.07888055972013994,-9.345077067902036e-08
0.07892053973013494,-9.024481705589038e-08
0.07896051974012994,-8.70345553575499e-08
0.07900049975012494,-8.382012814253515e-08
0.07904047976011994,-8.060167713318872e-08
0.07908045977011495,-7.737934399396608e-08
0.07912043978010995,-7.415327138212416e-08
0.07916041979010495,-7.092360325467936e-08
0.07920039980009995,-6.769048428500772e-08
0.07924037981009495,-6.445405905356564e-08
0.07928035982008996,-6.121447135798407e-08
0.07932033983008496,-5.797186371824797e-08
0.07936031984007996,-5.472637757375308e-08
0.07940029985007496,-5.147815398586512e-08
0.07944027986006996,-4.8227334022397635e-08
0.07948025987006498,-4.497405870346661e-08
0.07952023988005998,-4.171846875957446e-08
0.07956021989005498,-3.846070475088562e-08
0.07960019990004998,-3.520090776749326e-08
0.07964017991004498,-3.193921981753523e-08
0.07968015992003998,-2.8675783459665347e-08
0.07972013993003499,-2.5410741359264566e-08
0.07976011994002999,-2.2144236446534368e-08
0.07980009995002499,-1.8876412355948e-08
0.07984007996001999,-1.5607413114798936e-08
0.07988005997001499,-1.233738214041145e-08
0.07992003998001,-9.066461894901126e-09
0.079960019990005,-5.794794474421754e-09
0.08,-2.5225217640228805e-09
